{
  "description": "This is a system generated manifest of files expected to be present in this zip. It can be safely deleted.",
  "metadata": {
    "generated_at": "2023-06-21T07:48:11+00:00",
    "trigger": {
      "file_hashid": "unknown",
      "action": "unknown"
    }
  },
  "manifest": [
    {
      "filename": "Test.csv",
      "filesize": 190237,
      "description": "Test resembles Train.csv but without the target-related columns. This is the dataset on which you will apply your model to.",
      "created_at": "2023-06-20 12:13:39 UTC",
      "updated_at": "2023-06-20 12:13:52 UTC"
    },
    {
      "filename": "starting_notebook_zindi.Rmd",
      "filesize": 14424,
      "description": "R starter notebook. ",
      "created_at": "2023-06-21 07:47:15 UTC",
      "updated_at": "2023-06-21 07:47:43 UTC"
    },
    {
      "filename": "Predictive_Insights_Starting_Notebook.ipynb",
      "filesize": 300917,
      "description": "Python starter notebook. ",
      "created_at": "2023-06-21 07:48:01 UTC",
      "updated_at": "2023-06-21 07:48:11 UTC"
    },
    {
      "filename": "SampleSubmission.csv",
      "filesize": 30961,
      "description": "Is an example of what your submission file should look like. The order of the rows does not matter, but the names of the \"ID\" must be correct.",
      "created_at": "2023-06-20 12:09:36 UTC",
      "updated_at": "2023-06-20 12:09:50 UTC"
    },
    {
      "filename": "Train.csv",
      "filesize": 405167,
      "description": "Train contains the target. This is the dataset that you will use to train your model.",
      "created_at": "2023-06-20 12:09:37 UTC",
      "updated_at": "2023-06-20 12:09:58 UTC"
    }
  ]
}