Person_id,Target
Id_r90136smvl, 
Id_wawdqhmu6s, 
Id_ap2czff2bu, 
Id_uhgink7iha, 
Id_5j6bzk3k81, 
Id_r1njgsuhs9, 
Id_d9n59ghzjb, 
Id_vzab7oazqr, 
Id_nefqci92p8, 
Id_qqrnnetvxv, 
Id_7w2fd5w86s, 
Id_pzpuicll9c, 
Id_st3is8bql2, 
Id_qs1zt43xvu, 
Id_9cu0vdzh1m, 
Id_poxmo2d4pe, 
Id_lkbh7wwizt, 
Id_o33z7do9gv, 
Id_2g0jvhjt7m, 
Id_a8coh9dw38, 
Id_2qj0ah1psu, 
Id_kpvmehnz28, 
Id_mgltuwq5z6, 
Id_d4og0tu3n8, 
Id_yufvflupuk, 
Id_u0whg32wag, 
Id_xt0ryw5lj3, 
Id_b16iwbgm7h, 
Id_rw1mzpkmbh, 
Id_dh12ciw7aj, 
Id_ucc8nen4br, 
Id_zabfn6r9hy, 
Id_9316s6vbdf, 
Id_qj48ua0e71, 
Id_iev9vrtvwh, 
Id_gta8cmufua, 
Id_zd7zmjgmlh, 
Id_9xsxi3zkds, 
Id_vor2e80rle, 
Id_81faoo7jtd, 
Id_t8cshwbsx1, 
Id_ce7987x9yb, 
Id_vwbab4cxdn, 
Id_wlhdmq0y8v, 
Id_ijbnb5l2r7, 
Id_291krf6edr, 
Id_li6hmy2e8y, 
Id_ugqu9wfir4, 
Id_5mvhlc4oto, 
Id_omktaezr3k, 
Id_mp2omgupeg, 
Id_guxs9a9rp8, 
Id_owwgvlhtm2, 
Id_2phe5bonhr, 
Id_wxujl0skjo, 
Id_ezcagqsdoh, 
Id_3ojndwyspm, 
Id_di8dup17uk, 
Id_2s9fwx18nt, 
Id_gw0p5veuf2, 
Id_ul54vz814d, 
Id_fk01mum0zb, 
Id_i5ho67pyep, 
Id_04whybbwpy, 
Id_0qijiqqjfw, 
Id_ib78u6d1u5, 
Id_wil30h6uqo, 
Id_gco4s6s0y0, 
Id_i2zt2wyw67, 
Id_u6qzopxfoo, 
Id_9qhc9jmlw5, 
Id_3hqg13lpub, 
Id_xg69jmr988, 
Id_uf4nopfet5, 
Id_nvu0rx02yq, 
Id_wpetow3d86, 
Id_0b6micntbf, 
Id_t2hpqyerdd, 
Id_9w39fssh0z, 
Id_izf7avuyof, 
Id_horgi1i0h5, 
Id_c1ck3oamtf, 
Id_b97f46dlm4, 
Id_e7jnyu9nio, 
Id_6jis2dwfpf, 
Id_cwfw3jz8mn, 
Id_ckz41r5xnd, 
Id_0lddi6fymp, 
Id_qb6cvsj6d1, 
Id_mevy3q7025, 
Id_4f18c92qin, 
Id_70u1j9yxhw, 
Id_gmoiyj02t8, 
Id_eui0etibtj, 
Id_ml0shy5ndd, 
Id_ec2sjwcz91, 
Id_rjahjm0hug, 
Id_abyqg3tash, 
Id_lzos5ypdrm, 
Id_kdvnff0zsh, 
Id_86b4m22rpu, 
Id_x2hp46jgt7, 
Id_zpp3md8ezd, 
Id_e3b7m1pivk, 
Id_ylj1j29c2t, 
Id_4mqpa30io0, 
Id_gb6gbddvde, 
Id_33q9kspnhl, 
Id_spcfhi9ani, 
Id_3xhfl2dkwc, 
Id_capl79l0ck, 
Id_hize5ozuc7, 
Id_9e595qehvb, 
Id_mv3bdtgvrm, 
Id_sh6y5sognb, 
Id_otoztzpre0, 
Id_7lrax702sw, 
Id_2yyc8cscz1, 
Id_hko3gz0dk7, 
Id_wk20cknod9, 
Id_v021qhmpjd, 
Id_hqsrc0tikc, 
Id_c4emke5y04, 
Id_t3352uxc4i, 
Id_5z20x5e83v, 
Id_qdcud0yly8, 
Id_ww8zw7ae8a, 
Id_1y41yyh09p, 
Id_6gmks7pmqr, 
Id_hm2hws8vmx, 
Id_ffwi6hx95x, 
Id_wp4xaj2x44, 
Id_q9w6fjzuva, 
Id_4hi7as50nt, 
Id_e9mdtbubkh, 
Id_if24ufm5uj, 
Id_68ii10j2y5, 
Id_cba8vbwfcd, 
Id_5va26rv1po, 
Id_h2u5uz2c1i, 
Id_oi4y3y2j24, 
Id_if7xxvy5sy, 
Id_ul1tzww8yo, 
Id_g1zdjwg70b, 
Id_ymo26re9kq, 
Id_7i4g0dgq3g, 
Id_dtd4wertk3, 
Id_eduju9teke, 
Id_qua5ppnddr, 
Id_pgaf0nxrml, 
Id_mfkzmksvk8, 
Id_xae7uo6rns, 
Id_bg0pf0x0c9, 
Id_gqy88jh41f, 
Id_dulraax74m, 
Id_br9w5vf3nt, 
Id_hm4k3ett7c, 
Id_3wbyw2qsxx, 
Id_nhc76gnpfv, 
Id_g37tyo68ez, 
Id_doy6wdfgwc, 
Id_x9qspakya3, 
Id_y5ylohb28f, 
Id_3s41c0mnx9, 
Id_k0kz9yhugx, 
Id_akzn45zxlg, 
Id_bok3v4meui, 
Id_ewblr4rd31, 
Id_1f4emlzfpy, 
Id_zac62lf0f4, 
Id_ees03xjmrh, 
Id_j8hi427a46, 
Id_nozkcs7twh, 
Id_93odriaiv1, 
Id_y62g1mck08, 
Id_6afxcktqw3, 
Id_08vy6pqpmv, 
Id_tc3tuj0fq5, 
Id_p3i0pqdgzx, 
Id_f1juue66su, 
Id_xf03jzli4e, 
Id_xtkx7l92kq, 
Id_ates45a2p2, 
Id_i69rsluhrn, 
Id_obbeglowd7, 
Id_76sff0ftwb, 
Id_k1wvzkeibg, 
Id_cvppcu9dtk, 
Id_p21trnlm74, 
Id_x3003erpfp, 
Id_efdwgqd7ql, 
Id_lhsftcq0qj, 
Id_9w6y4d0f27, 
Id_jje2dldxrq, 
Id_8g7mpx73iu, 
Id_ystdo3wigm, 
Id_ywwcb8ps97, 
Id_8ez4xscjos, 
Id_2jf4w4j44j, 
Id_vxay7eegbi, 
Id_px50ejj10r, 
Id_tfgb0tyrty, 
Id_mthugifxui, 
Id_com4svhopi, 
Id_mm2lhjym5t, 
Id_g3g104pqzd, 
Id_1jffeuc1dj, 
Id_rhc2kl5g55, 
Id_am02p2tzuy, 
Id_regox32zxq, 
Id_6kf048eavy, 
Id_omknpzp2ak, 
Id_cenkqwdm7l, 
Id_ewipl8qtuw, 
Id_8577gbn0e7, 
Id_7om3250j9e, 
Id_xeuoeg20r1, 
Id_yvcri3cmts, 
Id_v7b4ypc0ij, 
Id_dwuchnvp2o, 
Id_m01a2wvxpr, 
Id_zm6vqjc3s4, 
Id_lts8qj5gtt, 
Id_d57wdfouya, 
Id_lp9rw55nuq, 
Id_kz201ybqy4, 
Id_bdapa7dbnr, 
Id_cku4oys9ly, 
Id_9imcpw90ws, 
Id_lg5hmsjw0w, 
Id_n2zxyp8ozp, 
Id_2dw9p45brs, 
Id_fullxeblop, 
Id_hn6w1c50jg, 
Id_202mo7k18v, 
Id_35iylanft2, 
Id_22rckhfu74, 
Id_05enka6e6k, 
Id_pa42qrnqsu, 
Id_2wyft9kpo6, 
Id_i7wm3hgav7, 
Id_g3g4yng0cp, 
Id_xkycggq6zr, 
Id_hry70yghdi, 
Id_7fe7yhjh8a, 
Id_q8vp7a6kvh, 
Id_hn7eljea0c, 
Id_cu46z0wtbn, 
Id_kf49u2owj9, 
Id_cwuqv2hemn, 
Id_uuoplcjhik, 
Id_xwef9758c0, 
Id_bbdpuc13mt, 
Id_qm5zbv3dqs, 
Id_xc458zxp8n, 
Id_5dlzzvzu7z, 
Id_vvh9x2jhmz, 
Id_a3lsvoib9e, 
Id_eqm83ic4m9, 
Id_xy20frex7o, 
Id_0d0fcqrqiz, 
Id_i6wj4m9x2n, 
Id_puhqi47sl7, 
Id_fzd6uelqdt, 
Id_dapxuyl0kv, 
Id_3688t4ltez, 
Id_6ydbe8k1k0, 
Id_nrqsdlmxxh, 
Id_mxn6qtsna1, 
Id_ml1zx0y5gl, 
Id_fhkjr8dykn, 
Id_n5sq52hdoj, 
Id_0uxhybtjl5, 
Id_kzh96q88bd, 
Id_yaqxnrvpyo, 
Id_15qd9nbtr6, 
Id_x3vu0lmdqz, 
Id_s1sfh8q0sm, 
Id_j39rsaxv9x, 
Id_ev1om3wblh, 
Id_b5wmhiambg, 
Id_8dsaqx95t7, 
Id_ck3rnbfyjh, 
Id_3dzfgus94r, 
Id_hj5xxk235f, 
Id_hi2aqujzip, 
Id_v3uyrexc6m, 
Id_huysuslo7o, 
Id_9esczul5fq, 
Id_brx4sdpwsz, 
Id_wnc5dh98ow, 
Id_bkrytf6qpo, 
Id_zuxemjeq2j, 
Id_zh1vstq7xy, 
Id_njjyxihirh, 
Id_22hadf3npm, 
Id_621yyrkbc7, 
Id_3yod0o903z, 
Id_f6thdicfx1, 
Id_cfxbc8mxa6, 
Id_t393kw7t4u, 
Id_oikc88k6ov, 
Id_mk1iyktjj3, 
Id_ukmg1fe4sl, 
Id_fiuzxwgwzi, 
Id_e9t73zgn0x, 
Id_igjbc2jy5h, 
Id_fiav3fj5n5, 
Id_f61doydnaq, 
Id_cvoeaetwe4, 
Id_9ldafk3nlj, 
Id_exyiv8agqe, 
Id_b5ywcspu1f, 
Id_0g3knr7fvs, 
Id_15al9kmkcd, 
Id_7ab67qxfiv, 
Id_z3qdnmn9q3, 
Id_305ozjzlmz, 
Id_709j8qrxat, 
Id_haeujusld6, 
Id_96borhxbpv, 
Id_ro2jwdd5uy, 
Id_1tcfd92lk2, 
Id_pbox0fm3u1, 
Id_ihiolzdxna, 
Id_579iqpzqyj, 
Id_2r1y11q0wg, 
Id_7ak4adbl14, 
Id_g0u6gnx5nw, 
Id_pn7b3mle90, 
Id_da6ucbymhn, 
Id_71takmxtrb, 
Id_nkydwcxn12, 
Id_iyfanduv8b, 
Id_24c1l1s9zx, 
Id_437ct6woog, 
Id_v27wecgq4s, 
Id_9axn3nt95a, 
Id_qrq5r4b5dm, 
Id_x5tnpkztq1, 
Id_nztfqrdo22, 
Id_7552lew1q1, 
Id_jrqihfiq2h, 
Id_b50jkim5jh, 
Id_thgq2lugpt, 
Id_p97gank3cu, 
Id_8xszxps51i, 
Id_tkjcu68b01, 
Id_8w8v64w1f8, 
Id_9j6oz47vrp, 
Id_v54hrl88y4, 
Id_guwgy0cwxr, 
Id_uhcxp80o0x, 
Id_97cyn3fkhz, 
Id_flag8ua59u, 
Id_lzokvnie26, 
Id_n4smd098fw, 
Id_7vzcodqv1j, 
Id_dy3havgfuv, 
Id_2fidc6cwxn, 
Id_dy472n1q3i, 
Id_2zt6m5f4bk, 
Id_abbnvg2xjt, 
Id_719gfq4bbi, 
Id_yfqugxq06s, 
Id_vu6u2fxprn, 
Id_njn0ugszro, 
Id_kppmeqk94s, 
Id_4sdwxg4xnm, 
Id_jt7uxijhw0, 
Id_4x8raqjq7i, 
Id_oyv68u1dkm, 
Id_dbjse28978, 
Id_ch330vmids, 
Id_vao287hv1f, 
Id_nxhzqujll0, 
Id_h890qicmt0, 
Id_y4dq6mmmjf, 
Id_7wr8uj9wpr, 
Id_g01k9ahzh3, 
Id_8lo88bta3q, 
Id_6obelhudu6, 
Id_kftu3l7kkd, 
Id_m8ypin55mz, 
Id_u1ud8oazwu, 
Id_1bmknryhxc, 
Id_s3u21bcs1c, 
Id_163j6do8dt, 
Id_oekesrl5t0, 
Id_u7jkl2wpl0, 
Id_11yb4rk8vf, 
Id_7y3m47la6q, 
Id_7jp21wo3de, 
Id_miynvej6a2, 
Id_hfx1xp53p3, 
Id_72uxatoazr, 
Id_elioph6w1f, 
Id_1ke76rdjje, 
Id_t46minskam, 
Id_z2c8otk2yi, 
Id_q2uovpqmk6, 
Id_3kka933aho, 
Id_r4addjw4vt, 
Id_83ogv0svuf, 
Id_sbls3y3jvy, 
Id_moi9rocisn, 
Id_499rp0shg1, 
Id_ts5usvwfm7, 
Id_y781z197gs, 
Id_ew2x9yz4vb, 
Id_1ieb8g8r81, 
Id_vquuzwxkik, 
Id_ta4y7cah3j, 
Id_wxdmdg9jrq, 
Id_6ka99fa5no, 
Id_q12cz2jc14, 
Id_4w1htscb4b, 
Id_rggoin2c2h, 
Id_zsiel1ur1j, 
Id_3l8s6ervkx, 
Id_yazfl678oi, 
Id_m5wcqlbcog, 
Id_pndgc7t373, 
Id_1inopgvldd, 
Id_1wfithj70z, 
Id_v2xpbbokwo, 
Id_12d1frupv6, 
Id_pc3devko6x, 
Id_yvfnf3q60v, 
Id_homohwddj7, 
Id_p5nvctj90i, 
Id_x0ngpknxvm, 
Id_zzhr5kss7u, 
Id_eizv1bpafl, 
Id_tketya3hfr, 
Id_liytd8x7gm, 
Id_lc3hqzvi1x, 
Id_igm4l77gpu, 
Id_jsbg9ole3f, 
Id_t5l5zo1kfq, 
Id_goh7o5pwyv, 
Id_l2s6fptvq8, 
Id_yzhvn8vj9e, 
Id_z47s7oahoq, 
Id_30kc8ah8wl, 
Id_lavsin2msb, 
Id_wbbwoageaa, 
Id_2ccffioleh, 
Id_v61ik1uco2, 
Id_rm03xq0505, 
Id_x8gdvql2fg, 
Id_iwjxxb9h34, 
Id_c6pqbm2wyv, 
Id_4vnrr3s4uy, 
Id_ownel7ybnk, 
Id_vj9dcqpu9e, 
Id_iuzhycb1vq, 
Id_spcat8solh, 
Id_yvvmhb6w1e, 
Id_6vvoczahnx, 
Id_3dbjfbfs00, 
Id_49pusliygy, 
Id_nftpsfd9pk, 
Id_m2s3otb4jj, 
Id_aj8rsxem3u, 
Id_ofbcp8wusw, 
Id_jjnj2byia3, 
Id_3kqkvikuvl, 
Id_tsu6b1cq8p, 
Id_v0nvzynpqm, 
Id_j1opc4pyxd, 
Id_i60entnyr2, 
Id_77rsnxhav0, 
Id_vsglsglgqw, 
Id_uu9ehvzpq1, 
Id_vk54crp1l4, 
Id_vurpswv3mx, 
Id_jfclrhuqma, 
Id_mmb0y6hjco, 
Id_pgajp6ywv5, 
Id_62uu70ow4r, 
Id_ep1sr4nzew, 
Id_joim66605n, 
Id_nodq5cuy4m, 
Id_jhrgnstlo8, 
Id_pj2uohkt3l, 
Id_ooa89het6b, 
Id_a4b308etct, 
Id_qg1hnk0jh9, 
Id_lpmhv9d5d1, 
Id_422tq7oddx, 
Id_kd9p7yir6y, 
Id_qfgs61fpzw, 
Id_m1tmygaylx, 
Id_f8iw4otgov, 
Id_npm5q5nceu, 
Id_w6lxqmo0gu, 
Id_x5iqeru1x8, 
Id_czubwoj7ev, 
Id_p0u1ilaznb, 
Id_hxf43uzsle, 
Id_j3l7bpah5s, 
Id_cj5zwtd6zu, 
Id_m5tg7zu2oj, 
Id_eybo8quh4q, 
Id_6f76h9b2wa, 
Id_f5jgdqn5c2, 
Id_d5fz41i924, 
Id_eccqcvvblc, 
Id_8psqr36y02, 
Id_tk9gdtvbjk, 
Id_ryqyq8cjow, 
Id_v9pywdes69, 
Id_hyr36290f9, 
Id_1xbftlpdhl, 
Id_zxy18w1i78, 
Id_pq9nq2lh61, 
Id_2pxo6vqrhh, 
Id_xoidbttxgu, 
Id_39y1s17yu8, 
Id_j4z5gcn38a, 
Id_dgt0f8g6v9, 
Id_x0l8xb11wn, 
Id_ehy93j2yll, 
Id_g9uo4tisls, 
Id_w1is0lprul, 
Id_7lj1tjq1qk, 
Id_dfrgdn3df8, 
Id_m3wfylfmze, 
Id_ajoqcrxqll, 
Id_fudnd5pxp4, 
Id_ukeq77l5j3, 
Id_d1d9bx35xv, 
Id_yk55thl7ss, 
Id_5skyiudw00, 
Id_5g56ygxijd, 
Id_vaf4522t6l, 
Id_d4hwtrcf9y, 
Id_r4wl346vyh, 
Id_m7kpxmimht, 
Id_0k0elxbf2q, 
Id_sdvnioe4di, 
Id_vrzsyxyppr, 
Id_vgi4nzdmw6, 
Id_tisuzjbvem, 
Id_itotco83ch, 
Id_ac2rnqxi02, 
Id_3ph56e28f7, 
Id_pmgaqihqu2, 
Id_vyxgfiuwgx, 
Id_gfr71u4frc, 
Id_bpa5n8e8du, 
Id_sxrcaq8e7j, 
Id_p6hyhxyjgu, 
Id_28l8ftnv6n, 
Id_7l1xhhhuxo, 
Id_85ymdirg05, 
Id_3y6fo5wdfn, 
Id_2huhneam6k, 
Id_oqw1u49nlv, 
Id_oigbk11pvo, 
Id_7yjooi5p7k, 
Id_v0pui7hslo, 
Id_2rca0nunlo, 
Id_ddt54xuc20, 
Id_18a40506ko, 
Id_t5ujpo0isy, 
Id_yakqrme1je, 
Id_3q4y21ciis, 
Id_9dczebw4q8, 
Id_wwrkqix53m, 
Id_6xwhl6stg5, 
Id_ze86clhl8i, 
Id_eidkgfmnms, 
Id_ybmmyl9b2v, 
Id_3ltlzi20th, 
Id_gf1rbol0lr, 
Id_912tii1shu, 
Id_swgy10t1q3, 
Id_weipxgsg6e, 
Id_iyn6n465o5, 
Id_68thyri47a, 
Id_f6nxtd2zs9, 
Id_fb2jnkslsl, 
Id_xqvxr3k342, 
Id_esjmypg3bn, 
Id_3yg0tc6v9w, 
Id_du9euwc63f, 
Id_faga8imfg5, 
Id_6wvvy2qvsy, 
Id_y9tcgpjgkw, 
Id_0zja78viwr, 
Id_35me5s5yvf, 
Id_ix175ensij, 
Id_n2zxmu7ra1, 
Id_m8suo0zmki, 
Id_wy2oxw7n6r, 
Id_kuj2kag90c, 
Id_td396iyygk, 
Id_ucb53zt9tj, 
Id_4hdsmg90hl, 
Id_t69ym4q6dm, 
Id_njapvhm019, 
Id_snuijc58w2, 
Id_txcj5rqwbq, 
Id_p1fjjzl2x8, 
Id_0dn7l3h91p, 
Id_hzvstpxonl, 
Id_rqokia7fqo, 
Id_0ebo4xyc83, 
Id_dua60u5h9k, 
Id_q14lcr5y5l, 
Id_1o0nts3955, 
Id_54jht37a9a, 
Id_pj4qgzfxma, 
Id_x0lwfw7omd, 
Id_aregt409q5, 
Id_yqc16lvj7q, 
Id_bya9lkmylx, 
Id_l6jdqtgddq, 
Id_ddt6pfv1hm, 
Id_w4i6jq2b9o, 
Id_9qfh2hulaw, 
Id_ik4z1c052r, 
Id_6p2rblsbkj, 
Id_fs45ca34dz, 
Id_z240vn4lrr, 
Id_orl6nt19yk, 
Id_yt6b754k6l, 
Id_ja431y5ldo, 
Id_nfqptndvg7, 
Id_wohsfy1vk0, 
Id_0wan1z7ylr, 
Id_ji7rhas44s, 
Id_3mkmnsmjsx, 
Id_23xbq86rmi, 
Id_tfw9caz6hw, 
Id_7wuxjjf6jz, 
Id_9nllh07a45, 
Id_o379zlajhg, 
Id_51bp7sl39b, 
Id_6sjnt9ewkf, 
Id_90g4n8so17, 
Id_32zf56l9ce, 
Id_lpzyo9wovz, 
Id_zsurfh92rx, 
Id_z1f2ofu2m7, 
Id_wggs2pd689, 
Id_12pix46sq5, 
Id_d6dzxett5v, 
Id_uibpdvcxxw, 
Id_xcaf3403r3, 
Id_0qkp6qkbo9, 
Id_so426trxo8, 
Id_u611py2ky6, 
Id_tk8ffyupvu, 
Id_n1d582upwu, 
Id_0h4wjg60gi, 
Id_80yx5alq3y, 
Id_czvt7bf7ki, 
Id_kwctpclm9t, 
Id_48zj3eol10, 
Id_l779nt9yjb, 
Id_3ugtpl2q57, 
Id_eg3epayu42, 
Id_ifrw8syp5g, 
Id_kujzry3zci, 
Id_6imbemuog9, 
Id_o0a66e9rg5, 
Id_c7kurdpczj, 
Id_n7tjndhbru, 
Id_2269pxi40v, 
Id_btgny8lytz, 
Id_kf192e9qp8, 
Id_ul2v3z8uh0, 
Id_wt3eblrwki, 
Id_h21k8bi3rd, 
Id_mbkyac0b38, 
Id_skaa0uor5e, 
Id_4253yprz3t, 
Id_yh6zgz0ozn, 
Id_huqwsqixpf, 
Id_blaa7rao4e, 
Id_pgi4wiieae, 
Id_ltketfcwx8, 
Id_hdqud85267, 
Id_mbkuq5r0tj, 
Id_kts979c6d3, 
Id_w4evnjwo1b, 
Id_65lz8d775l, 
Id_oekrongesz, 
Id_7q1qgcg1z2, 
Id_9itt0mvut2, 
Id_aw2m1l9pl3, 
Id_tp130oylun, 
Id_vu0go4qig8, 
Id_3p2we0xrhp, 
Id_a87t2vzq79, 
Id_usy9mr0vda, 
Id_0i3gib3ccr, 
Id_obcqaeuu2h, 
Id_oylsv0e008, 
Id_otsrdmmvex, 
Id_hct3htn53j, 
Id_bww7r8u7fz, 
Id_stg8se4gth, 
Id_2hj9e5d4df, 
Id_5953c2fph5, 
Id_vhj0rr0pf3, 
Id_5ujqt60emb, 
Id_vqqf2oglsl, 
Id_74m6uo00zo, 
Id_q8bp71i0cx, 
Id_qtob5v3gg5, 
Id_u34a6v0xe4, 
Id_dyxhkjt62k, 
Id_gq2yp028hm, 
Id_vkovnl2bor, 
Id_716j65p14t, 
Id_znwp5oxeuj, 
Id_wzingkkiyy, 
Id_lg0oidihkb, 
Id_wyftha2yzm, 
Id_qelisjmvu7, 
Id_mxz5t2f6s2, 
Id_qvahu4fhl2, 
Id_7pvavmi8nj, 
Id_h44mik7o77, 
Id_weqxxjsxlp, 
Id_xwrdohgwwb, 
Id_ue7i5njaj5, 
Id_j5cytxk3fd, 
Id_hc1dkq1ull, 
Id_p58fra4ibh, 
Id_rn6k0x8gmm, 
Id_gz00pekb5w, 
Id_hif7jaoik7, 
Id_j0wtahm9rq, 
Id_qgfy4fz54l, 
Id_hcr6kog2wz, 
Id_pfrxx17160, 
Id_b9sapq7j2q, 
Id_cixet4eqi7, 
Id_b90o4ez0z4, 
Id_0dvymsm4j7, 
Id_lx7nws3o9q, 
Id_tdzspuyh38, 
Id_bsw59bkm6d, 
Id_2sba7x3j8l, 
Id_6rgcbx1ckw, 
Id_t5z0yd2mzp, 
Id_5ibig32cv0, 
Id_0ep1wdjasa, 
Id_e52lzlle5k, 
Id_emkugrtqlc, 
Id_h4ited8c70, 
Id_6eew450lnh, 
Id_689obromvr, 
Id_vp5x8v01p2, 
Id_f48v2b18z7, 
Id_96s31b2x09, 
Id_mq2wtuondl, 
Id_bcx5rz5dw7, 
Id_hzly0pe4t3, 
Id_3as9l7qps0, 
Id_5w39l1m4db, 
Id_b4v78yjpr8, 
Id_hndnxrot6d, 
Id_1umqo2101t, 
Id_fbmisaw589, 
Id_fepr7c7ald, 
Id_1nponls3y6, 
Id_e3pelntdie, 
Id_opb265ilvi, 
Id_r92o07c9vt, 
Id_vs9y91wm85, 
Id_mdqg1y14jp, 
Id_o8q09fzis3, 
Id_fbiq5gpnkm, 
Id_jjk5kuiv3u, 
Id_eyuxuig212, 
Id_oqyrtj9gkf, 
Id_htp5g3tofn, 
Id_2zmysqu0kp, 
Id_6ztxctvwpr, 
Id_tqhd7uflt3, 
Id_2nr45wi83i, 
Id_cxj020r8m7, 
Id_5ykc8d8s7s, 
Id_a3vl6imzwh, 
Id_q3xmaej69o, 
Id_yq29s7kv0a, 
Id_bxwsuykart, 
Id_btl3itfcb2, 
Id_e2fcrgr3hm, 
Id_ca4gj08n5x, 
Id_r3yeca1ygp, 
Id_5rjtlvgmn7, 
Id_q0pnvprodq, 
Id_5xtx6p8hre, 
Id_wdfrg0sc7k, 
Id_96t2an4t26, 
Id_dy312u2pkk, 
Id_rcvk8o4o2s, 
Id_n91k3moodo, 
Id_fta3hilj4i, 
Id_hr7vquzbji, 
Id_l7wla4sc3u, 
Id_asksbt1luk, 
Id_4aek7b2vq6, 
Id_1x5n4k7pea, 
Id_v51z5uizsu, 
Id_4xb2dnoybh, 
Id_k8jcw9fcrw, 
Id_lgoaurirll, 
Id_hsv0h16xsi, 
Id_cpydcw4urr, 
Id_ljkph8r3gs, 
Id_ayaoxoti47, 
Id_2oqsl3jr3l, 
Id_07f4hjtzqb, 
Id_bol12ewzw8, 
Id_spv45ccoqv, 
Id_w5kh5n1zd5, 
Id_rbl7rezejs, 
Id_7vmwomlwz5, 
Id_u82er4wh2o, 
Id_qxyqve9g6f, 
Id_mb86v21jrh, 
Id_366gae5k7r, 
Id_a9r9qojhjz, 
Id_k16m7ylb86, 
Id_qv1297uhjq, 
Id_rpc1pm6a5i, 
Id_oa88m3grg4, 
Id_itmfnm8fuw, 
Id_gapcw5dfi4, 
Id_pj1dso1zua, 
Id_pbmgd8yd5r, 
Id_74f1vxct9g, 
Id_k3fowpwonc, 
Id_hq5bbokzcf, 
Id_8n3v5qipqc, 
Id_fyp4bo5245, 
Id_0qtcbyfc6p, 
Id_ldgvqs5ypq, 
Id_36r4htuehx, 
Id_nb6gr6ufir, 
Id_omr4m00nsx, 
Id_1u7aeplg8x, 
Id_1o4gd8k0cf, 
Id_g68ny83i04, 
Id_evchj9rwgu, 
Id_nvy147nfjn, 
Id_x1ccogjvtc, 
Id_rhbnevsoz3, 
Id_3fe5krspxj, 
Id_bg9a83gth1, 
Id_yxutgx92b5, 
Id_ygwkbx0h9k, 
Id_obhulah9ha, 
Id_okf2ci4fo1, 
Id_zdlsnt4h02, 
Id_kvhzlz8g7s, 
Id_8uqliv7ul5, 
Id_6gw2bexi49, 
Id_ob6y37lgvv, 
Id_9gsyx5qges, 
Id_h6snjadlli, 
Id_w74rvn41a6, 
Id_1t6ccd6ncr, 
Id_jt1c6nd68s, 
Id_gs59aafdd0, 
Id_md4a9zhqt7, 
Id_ymdnn2ircf, 
Id_z6w0itjfst, 
Id_81lgpeebjb, 
Id_os70bn976o, 
Id_z2j70cgp9i, 
Id_owfiulno6l, 
Id_muq49pklu6, 
Id_thzjt8s2zt, 
Id_fkh5agb6ka, 
Id_nmc9gn4h7q, 
Id_bsjgmxtrq3, 
Id_xlvrifhos1, 
Id_oylf8z8lql, 
Id_iudasw2mjh, 
Id_fnb751rdy9, 
Id_4zt9bbgx7g, 
Id_qxv0ur9qtg, 
Id_4dfr3ctpct, 
Id_t5ecvsj3rb, 
Id_ui0m1ik16e, 
Id_jvjvnagb6x, 
Id_yzjwovxe24, 
Id_ag7so049kj, 
Id_6nhyxovsr1, 
Id_hwmqdnfvzv, 
Id_oigd98di7f, 
Id_i26qivwxar, 
Id_ccvuq6mpa7, 
Id_9arq273apz, 
Id_mk6p1hvz7b, 
Id_8w7k1hud05, 
Id_ffw3756mbt, 
Id_c0hy4744wu, 
Id_ebmqkqkdzd, 
Id_ldqxasu339, 
Id_2iz7bo9965, 
Id_0ifg401y1o, 
Id_7lprznb4yc, 
Id_mqw8hwmcdc, 
Id_1g0kjqzmui, 
Id_xcmc3idtyu, 
Id_je71cguamw, 
Id_2npfmhrtap, 
Id_xyoaatchue, 
Id_tn7jeqct3s, 
Id_js2ayy2hzo, 
Id_efvg8a0772, 
Id_8194qgfmez, 
Id_jhl3hwdzu0, 
Id_t836h4bde6, 
Id_kz0krs19pb, 
Id_j3zdpnicp8, 
Id_a3ofu1bw68, 
Id_4aq31fhaoh, 
Id_tjsyb825w4, 
Id_xp44u5vp14, 
Id_1hnvj1ghyi, 
Id_zv05tanaco, 
Id_hhjctb3xtz, 
Id_afq5i0nhn8, 
Id_bvmu40uep2, 
Id_fkzi4qiyxc, 
Id_lbie4s82l5, 
Id_mrro9nbc03, 
Id_nmk5kyq7wl, 
Id_i9tmva0z2l, 
Id_orpv55ykf8, 
Id_hn9ospgxvy, 
Id_x141bd2yqa, 
Id_3gywujyoz6, 
Id_rhha0orwv4, 
Id_1y4f16a0wj, 
Id_91ya3bxlq7, 
Id_ujte9yy8jh, 
Id_klbm2fy33e, 
Id_kw09alnhcm, 
Id_w69cqpzjre, 
Id_rn62pa64jj, 
Id_tv3lwksb9u, 
Id_jdd7advr1f, 
Id_q12nit655n, 
Id_ucisamngtc, 
Id_1505rly94t, 
Id_p2ticfi5a3, 
Id_971cpcmgeb, 
Id_74t7i54h9m, 
Id_qm923l3qe6, 
Id_16m4z0fgq8, 
Id_6yarhlagfn, 
Id_8h4p8dbgyi, 
Id_uk94lpv29x, 
Id_vz7999biz2, 
Id_yvn5zf90x4, 
Id_xicvyk1uas, 
Id_4qbp4ysj8x, 
Id_2r1cltyfeo, 
Id_k01w1mdnt7, 
Id_auesh05ei0, 
Id_wl1isf64b7, 
Id_4lqrgdf91s, 
Id_3wjzcvmc9y, 
Id_tmt2gy3g3a, 
Id_d9srrchlik, 
Id_dw48nc88fe, 
Id_4ibtm42nul, 
Id_gjezrnk3bf, 
Id_wk1h55trk7, 
Id_kte05ykcd1, 
Id_c99mz7evmy, 
Id_nb6csy9eki, 
Id_0rvjxas6jf, 
Id_5jxjqfj26a, 
Id_crtloo1w35, 
Id_cbd0h8ifsy, 
Id_p0l9dmk4dp, 
Id_84ygo6lec6, 
Id_wos2e4tv1a, 
Id_rl83cw9w8a, 
Id_i56lzsll94, 
Id_cmtt8abun9, 
Id_0x08vgtub1, 
Id_fvkv8zme4x, 
Id_7i4yte00nj, 
Id_t47p0i4x6c, 
Id_mcol5zvtze, 
Id_173j22jmkk, 
Id_5kkth75etx, 
Id_kjpsm587ss, 
Id_vpfhmrlem6, 
Id_tw1osu2x94, 
Id_6ch9th6hq0, 
Id_sq0verlasw, 
Id_g5m0xg322a, 
Id_zz2875e1fm, 
Id_vnnfiy2aht, 
Id_qfyeqy9vzm, 
Id_rr918lj12j, 
Id_ia7z68dty0, 
Id_jxppk4jjg7, 
Id_jhfstt7ll5, 
Id_atlb431zq7, 
Id_thcor98e6o, 
Id_5xqki5wqtc, 
Id_akn4wszxzd, 
Id_9crrww2qdk, 
Id_67ts0qbgi0, 
Id_e7eoxhj2i6, 
Id_hs81rfrq1n, 
Id_usdpbgwq6n, 
Id_gegsapzh2h, 
Id_3gzmgvulyu, 
Id_rl9z8psy0t, 
Id_dnefobcffn, 
Id_hnu2xw0s6s, 
Id_suue0uw4qn, 
Id_s0mj2lyn1l, 
Id_7y6wy18cee, 
Id_ferjyn7mge, 
Id_8bkla4u9iz, 
Id_k5flsgpru1, 
Id_7gk6z27f32, 
Id_gy18i9cipz, 
Id_l4ubh2qra3, 
Id_7esl23e409, 
Id_4hzte42dvs, 
Id_f9psbflsco, 
Id_m9qfkbw0ef, 
Id_kagb3nqrcb, 
Id_ftcvpsvgmj, 
Id_phyhn7i4k6, 
Id_7kpq9lmwgr, 
Id_azp7vpcr7n, 
Id_zjrrpm641f, 
Id_8e958tixe3, 
Id_5t1o3tgbns, 
Id_7zhdpmcgsd, 
Id_z8iivnnv2f, 
Id_kmvu7fejg8, 
Id_jhfec7xx1s, 
Id_ph61x0hhof, 
Id_e3qm8616gy, 
Id_odo2r6knbb, 
Id_lzyejcgbdu, 
Id_g6rfqo2mnp, 
Id_htpbw46ydm, 
Id_li0knhgn0r, 
Id_qowsnzi1lj, 
Id_b30jj6icvm, 
Id_ukmckmm4kr, 
Id_97g0isyvcz, 
Id_1lphdsb8y5, 
Id_mpevcgfuar, 
Id_fao04nx9xj, 
Id_0iecgau296, 
Id_mm005ihcs8, 
Id_k4yuju0s6s, 
Id_jz5cxaf93y, 
Id_952h3wofcz, 
Id_o3pslgabgk, 
Id_fhx96ano24, 
Id_fqv29c3md9, 
Id_hl4deit34s, 
Id_3vos08esnm, 
Id_seeo63de2y, 
Id_3ydv83vfu3, 
Id_2fz4gbwy5l, 
Id_km7dfoq0g5, 
Id_q1atvtl4jy, 
Id_1i7psxexrd, 
Id_sqll106065, 
Id_ao409p515s, 
Id_lal1esrii0, 
Id_z6fpelof4l, 
Id_vy1mvoy6z1, 
Id_zwvgj2uqhz, 
Id_cx37qxjrsm, 
Id_rd7x3vhqmv, 
Id_yj0vh31gmp, 
Id_dqueowe5rv, 
Id_gheaiij07i, 
Id_oa191uje2s, 
Id_nt9zkerroj, 
Id_vwyg1sr1wa, 
Id_rrs9akle6n, 
Id_kwmgy1n3dx, 
Id_tqfexx8hux, 
Id_f7zw77oajf, 
Id_gjjno416nz, 
Id_6vl40u6tk0, 
Id_9lgtklpidl, 
Id_yqa4xagoqh, 
Id_21fm0m8tm8, 
Id_5yy37inwlc, 
Id_lb58qqcju8, 
Id_pay54az9ss, 
Id_jhj1akzu66, 
Id_bx0m1tgaf1, 
Id_zzzn1zaccn, 
Id_rqakftwyb9, 
Id_boer1o4t6d, 
Id_drjo0dcpcs, 
Id_8ouuwcm8zp, 
Id_gxs509ol08, 
Id_r9uelehcgq, 
Id_ppyp9qadwb, 
Id_8x7483isei, 
Id_zjtwro0vyl, 
Id_u5x6i7suvf, 
Id_bfmk76ms5p, 
Id_9vfe5bmm7x, 
Id_lon1xszwy3, 
Id_zb1sytdll0, 
Id_4jeizzpbbr, 
Id_2qbx10ud6n, 
Id_utihwoq4jt, 
Id_2vn93u58um, 
Id_89mvj40rlh, 
Id_eoe3h61d9i, 
Id_nycfnrisry, 
Id_mwtaa2j1rb, 
Id_msh8zmog3h, 
Id_69uuducrk8, 
Id_g22lwaq8t8, 
Id_8rcl6i27v7, 
Id_vueyosaagn, 
Id_ud8ecs9t7n, 
Id_id5i266op8, 
Id_xc80te5fs9, 
Id_uxrv7ws4iz, 
Id_jbta68qcny, 
Id_vnsydst1f9, 
Id_yhb1qjfkin, 
Id_jvw66fieox, 
Id_beinopg1qp, 
Id_wghq2z68yo, 
Id_jh55u9qsx2, 
Id_gqwoxqo6st, 
Id_k7xvimf5se, 
Id_rhbccj437c, 
Id_vjnmppkukn, 
Id_1cqbgnogzw, 
Id_k8jld4qayo, 
Id_kx97eub03k, 
Id_lp3dasj3n6, 
Id_9hee3aicif, 
Id_mxii929bm7, 
Id_t5xdyei4s9, 
Id_6osx4dn6mr, 
Id_1pzwroputd, 
Id_tjpzsg7lvr, 
Id_juag6sezip, 
Id_be1zngpqlc, 
Id_yo69fmf0ar, 
Id_6al6qoszlh, 
Id_7h44o827gp, 
Id_l9skxjyq7u, 
Id_7z1nf0gz85, 
Id_y3fb6gl6h8, 
Id_ujbtsc5xsy, 
Id_cix5bvil77, 
Id_c42x5mfp0k, 
Id_z8z1ips4mg, 
Id_3cofhphc87, 
Id_6vgvsfj56c, 
Id_hkvtkwup5x, 
Id_me97ism4jf, 
Id_rayrfk924x, 
Id_jzkxue4hka, 
Id_t74oh7os9g, 
Id_ms624ngn7u, 
Id_j8z4mr2hqx, 
Id_th9a99gxb2, 
Id_mnwb6mrsdg, 
Id_75mdb21w4c, 
Id_fylyfunrq2, 
Id_3j5etrhsdp, 
Id_aehfozq1ot, 
Id_qwwa02gxym, 
Id_ghjud20e44, 
Id_o1dtpjsdst, 
Id_ha93u2lawk, 
Id_bxto2ux7bo, 
Id_hpo10e9mjt, 
Id_kj4hz0mxtk, 
Id_bk7dyajexv, 
Id_ubw2nlrcfx, 
Id_fcwydgz379, 
Id_kfpdh564un, 
Id_ii2abc8ip3, 
Id_x7e8l77kl9, 
Id_47pzc9m73a, 
Id_2fhrtzrovv, 
Id_2mo9rlbwbf, 
Id_87r24bh207, 
Id_ajykjh38hg, 
Id_q5l6x34nx5, 
Id_6ss03rco6n, 
Id_qzw3lad2xg, 
Id_oqfadfeopk, 
Id_y2h2ue57gk, 
Id_rz2mejh56l, 
Id_b1qnoxjxwf, 
Id_z9k1duzd0e, 
Id_6xg5hx3ueu, 
Id_zfh6u1agi7, 
Id_05howvlusw, 
Id_0giut9vf6h, 
Id_25s096bwf1, 
Id_0g7x556l47, 
Id_g7gydlfwiw, 
Id_fx8jznto6v, 
Id_r7eu8k84pq, 
Id_7w1lc6wvrg, 
Id_ufeq89vad9, 
Id_uefz4h1v3w, 
Id_qaetv3im76, 
Id_o4uce02b1z, 
Id_3p1d2h0y3t, 
Id_tfn6m35uwr, 
Id_iv0fx0z9ni, 
Id_ttggjnqvk6, 
Id_rmu321wqjy, 
Id_0b5sdz4cya, 
Id_zapjqsjgt0, 
Id_v7dwbs5ub8, 
Id_qjpwwsflr5, 
Id_bo1j7c32d0, 
Id_nbsh40v92x, 
Id_31ptkxnp7r, 
Id_je2p3yzyju, 
Id_q8abs9uhih, 
Id_ruv8qy6pvy, 
Id_fvii1gbvrq, 
Id_zbgsfomz43, 
Id_7ty6gq1l0v, 
Id_whentbnqww, 
Id_tjko6hklyw, 
Id_f4qlxs02rs, 
Id_xjh69l18x7, 
Id_chr3enrsl7, 
Id_evneuv6pm2, 
Id_pw5vz8lxet, 
Id_34tq11d468, 
Id_f50qbtt4da, 
Id_os6zxzawnv, 
Id_dwg90aciut, 
Id_ryxc05zj6t, 
Id_xtdhu31fwm, 
Id_zbpxeayckj, 
Id_ku2s2xvvd1, 
Id_x5fqy2wy7r, 
Id_uunghw7hlb, 
Id_6om05mg6jz, 
Id_ysycv5lk55, 
Id_lhi2qxp5xk, 
Id_sli7td0qm6, 
Id_i1p2nvoslv, 
Id_o3l51k9yqy, 
Id_7dcv43jozv, 
Id_p6ol842wki, 
Id_czhfygtsrx, 
Id_8ybzekbhhm, 
Id_dalfdcrmeg, 
Id_tfhsaonntu, 
Id_jr8kis2hg0, 
Id_j18cj00pp0, 
Id_25tdmub87q, 
Id_k6544jw6ss, 
Id_co58lo3ccz, 
Id_n4no45t54h, 
Id_2nqy55s8nn, 
Id_nrpzrcqdtl, 
Id_sgylhz7t52, 
Id_ihwx6lins8, 
Id_jnb5bjooaw, 
Id_eag0xau0ao, 
Id_9o0mfcpxkb, 
Id_308lzanlaw, 
Id_9xb6scdbp0, 
Id_67nq464lcx, 
Id_n3mvxav6kf, 
Id_zrz32f0xq6, 
Id_ssm8r34t2j, 
Id_t6ttzmxakn, 
Id_5vvjjie8jx, 
Id_whzd1d1nhj, 
Id_ey0o977lr9, 
Id_96xv01bz0c, 
Id_yxczq8h8fi, 
Id_9vz2ek8pfs, 
Id_2tfze7yz84, 
Id_hp0825jt4r, 
Id_brih8luthf, 
Id_yp0z1c38ax, 
Id_gox9bakscd, 
Id_25zzwqan2b, 
Id_ag39pc8jzf, 
Id_mc5w78bjvb, 
Id_tr9l4p3m35, 
Id_yjcpv0quj7, 
Id_drkpp74ipw, 
Id_9lz1l9x0l0, 
Id_6ewupaj8b3, 
Id_dheglk1zvt, 
Id_219cdjw1ja, 
Id_k0mz6bstfs, 
Id_u5oacvri92, 
Id_5hlu3apod2, 
Id_bmnfvsgqpk, 
Id_u4mld91w7v, 
Id_j11n7q0bos, 
Id_vcqbswzei2, 
Id_z3sy3p6igk, 
Id_hu6ou36bvf, 
Id_w5f7qn60np, 
Id_uzpiwtm708, 
Id_zj2ixhuwzx, 
Id_d576fk1223, 
Id_jmo1p0tjym, 
Id_d8gkscox0s, 
Id_jetpful5e7, 
Id_zonbigyx4t, 
Id_bi1yc9vq88, 
Id_iqowdek0xm, 
Id_yh2zxbusrv, 
Id_qogytkxokx, 
Id_348g7ajkdg, 
Id_irw9oku9mc, 
Id_ck26va7hs8, 
Id_gknpeh1mlz, 
Id_nbo9qanre9, 
Id_jd3f7tbsr9, 
Id_yw3hkuk5lp, 
Id_wwlwidq53z, 
Id_fj9yzgf5vj, 
Id_ek7l4lccrm, 
Id_6z48tsx5ha, 
Id_2a734z3fvt, 
Id_kdnreggx5e, 
Id_cet69pepc5, 
Id_bfb7jbpp58, 
Id_3sc9hy9pnl, 
Id_38fax1mzo7, 
Id_uky540uhdn, 
Id_y2qo4d089r, 
Id_ci4szc3xet, 
Id_4nbjxpmod9, 
Id_2et53ico1b, 
Id_llhb3h18zz, 
Id_4xy2q6bvwu, 
Id_0t446pf9sd, 
Id_00zlrfqmzq, 
Id_em8ulxb1db, 
Id_kmjnc9ur5g, 
Id_yf3z3o0fhx, 
Id_r958h5noof, 
Id_mz0bpppbvd, 
Id_c3i8tw7icv, 
Id_2gy0omss7n, 
Id_9d5hmod6rj, 
Id_feowgdfk89, 
Id_05ujwz0gb8, 
Id_40ef8qeqph, 
Id_glrx63b5k0, 
Id_zokjqclx85, 
Id_edhmx1ewmt, 
Id_k6d1fjn3ce, 
Id_74ypr4x2lg, 
Id_tactlo06kp, 
Id_ud1ansdfjp, 
Id_7j0by4idt0, 
Id_e93jm3t1uk, 
Id_wwodvq73ya, 
Id_h99n6j9b8x, 
Id_bnhpk27n3b, 
Id_zjz3u87urs, 
Id_1s1n77nf61, 
Id_qqkhha9qn1, 
Id_dkuhwjxz2t, 
Id_tmra90saen, 
Id_gmgab1tjkx, 
Id_ypo3yhdl2t, 
Id_xeb1emh49q, 
Id_1xhamm9r6s, 
Id_oc2d5wolqe, 
Id_0klfdpj6s6, 
Id_gm26c8jgke, 
Id_bjtscqn2ts, 
Id_noa2ioa9lh, 
Id_1ddi36nyd0, 
Id_159soef5m8, 
Id_y37m1wd7mj, 
Id_pgdt1aug9e, 
Id_3mopp0r8cd, 
Id_5vwe4gvznf, 
Id_iilce2yj2f, 
Id_7nvvd1lk1d, 
Id_40zau02q90, 
Id_us5fgsfh0i, 
Id_p8blyf0sfe, 
Id_0ll80ruw2v, 
Id_djd0vhwc3k, 
Id_pngct0k2ug, 
Id_wmram8lobh, 
Id_rldh0ethui, 
Id_m7p2ae3q43, 
Id_vrxh4nfhco, 
Id_xmosmvk3qs, 
Id_u73psp5yh8, 
Id_fxafpxwjnu, 
Id_17yccaoc4i, 
Id_3wayyjiv93, 
Id_wg4tq581y8, 
Id_hdt5zx2u2z, 
Id_0txfwbwelo, 
Id_9kxb9z5ms3, 
Id_jqgdpp1tgc, 
Id_yy83gmm9fp, 
Id_fyiapxv2f4, 
Id_24y5rtqdbh, 
Id_tr7ym74i6h, 
Id_8wenjbmetb, 
Id_edep6aanku, 
Id_n05n95wki6, 
Id_w8dbhhy3mv, 
Id_1hbnmriv67, 
Id_m12odqjipy, 
Id_pgowiu4ay7, 
Id_7zef3exinx, 
Id_4lbrt2dp1k, 
Id_cpdjtrqs5i, 
Id_wqe4jv5vju, 
Id_v8nbtier8s, 
Id_oefp0z401y, 
Id_e609wfy9gv, 
Id_18es0bor3x, 
Id_k1lxtif2yr, 
Id_sgjb17ox0d, 
Id_60lvu1g5vr, 
Id_hszq494lsz, 
Id_juwqprlsl8, 
Id_kp4q5fjjqx, 
Id_0uuvwis2pz, 
Id_kvlrs1bppw, 
Id_jxda21dkyc, 
Id_3sa1d5bidh, 
Id_gxsrofsx7z, 
Id_1u8eimdw8h, 
Id_t5g49hter6, 
Id_qev411tc1r, 
Id_vzuu4za6ja, 
Id_vf3vexxwxh, 
Id_7t0ufkfaze, 
Id_vfb6k3w9f2, 
Id_k4lg5akn14, 
Id_kh5ajthu2j, 
Id_tn457mb8lx, 
Id_4sr4gdsvjc, 
Id_dg0ix5kesc, 
Id_7u9ksmtsat, 
Id_cc6m2mekge, 
Id_0hcqnjy4i0, 
Id_2r3xg5c0jz, 
Id_o8unto6cre, 
Id_lc474ixxv6, 
Id_71fsdk343s, 
Id_6rgj9sqdhp, 
Id_2qniod6t8w, 
Id_6i9k0mlwmb, 
Id_iz8l3colsx, 
Id_lgzugydgkd, 
Id_0y2oaob6bq, 
Id_y1cs8ecmau, 
Id_9wqxfv7g80, 
Id_x8929rb78h, 
Id_113sd16q6k, 
Id_wf98gwc7ci, 
Id_uwwhsxdi7x, 
Id_7x9ctsbnjt, 
Id_v5335amhoq, 
Id_13ya7leq4p, 
Id_52zzybiaon, 
Id_evlvtffu0e, 
Id_1ukzpp3244, 
Id_9gtmdrhzqz, 
Id_8lsycyorqz, 
Id_oqhbvzjzr0, 
Id_tg2g5osn89, 
Id_ihwzkc38wk, 
Id_fbs5y30vqw, 
Id_t8eov1x0d7, 
Id_5amqr6v4n0, 
Id_efbha40a05, 
Id_t1sysj0wy3, 
Id_2o6e6hhl5q, 
Id_y2t37020xi, 
Id_1a1gb0ui08, 
Id_k7qkinfpa9, 
Id_rz90uy5431, 
Id_abges53wx4, 
Id_ezvwuvxsle, 
Id_zws3xmvt8g, 
Id_ipc8z4thpq, 
Id_5uf57n1y5u, 
Id_toxgbqarvk, 
Id_pwu53q9fid, 
Id_qxcteydvw4, 
Id_zlxyvpskhr, 
Id_yjwtrw4211, 
Id_e5jhqca5i4, 
Id_dovofof2ez, 
Id_qyypzx9dxd, 
Id_zdn85bltt8, 
Id_xyrhqbrbtb, 
Id_pfhj0zkdxv, 
Id_qu8nj046vh, 
Id_qm01lkv6y9, 
Id_oxs6ca9bfg, 
Id_y2ze63w79u, 
Id_u4plk2fwf7, 
Id_6z5b6j6qbu, 
Id_lqkf0cj1p1, 
Id_quwzwou3vz, 
Id_hhj18mp4sn, 
Id_f6k196prq4, 
Id_3dytekgbci, 
Id_29e1z7h6u4, 
Id_ni0yhnginh, 
Id_8k8f95ykxk, 
Id_coio2zican, 
Id_ekv4iykprw, 
Id_7w5dm3cyu3, 
Id_s9sleswdwm, 
Id_jnv3klawmz, 
Id_96q3d5zm6s, 
Id_5nnxzvswv1, 
Id_n67tb71k1r, 
Id_hmdfu83skm, 
Id_bc4oor1bto, 
Id_rdqh768b3r, 
Id_bbrypkl3ft, 
Id_3n82oy9p15, 
Id_qivthxzr2a, 
Id_7ws4jz5001, 
Id_nz833h6upm, 
Id_ub7dbguckh, 
Id_cq54n2dcg3, 
Id_0hsgbh7fu1, 
Id_s5vcz76m8u, 
Id_wa1aktiovb, 
Id_m153wx60hj, 
Id_8452i7jerw, 
Id_vn2x299g4w, 
Id_ombws0yt8w, 
Id_m1n0e6d2q3, 
Id_fjshad0tfs, 
Id_4law5rnagk, 
Id_48gluzt7a3, 
Id_d9mj1w2zlm, 
Id_2c47srurj7, 
Id_1ehv4v8u5v, 
Id_nxjwl91wxs, 
Id_dk7a4ym0qp, 
Id_g4ovfkuqix, 
Id_mo5vj0g0zx, 
Id_pga279dvzu, 
Id_k8fq0m29in, 
Id_qdvblg1aea, 
Id_514fm191b1, 
Id_hppomtkw3n, 
Id_p9qc9r8oz1, 
Id_nxpbqjf2bd, 
Id_izog0o31bn, 
Id_912m7l9c8d, 
Id_lg7retw9ww, 
Id_wswjtvcuft, 
Id_9aqxopq9uy, 
Id_dizqcuygh7, 
Id_24hmuyx4lu, 
Id_pbs1k81jdk, 
Id_5bszucvd4t, 
Id_ie7rpmi6ow, 
Id_ypj8evnzun, 
Id_iepx7buu9w, 
Id_69ria2mqih, 
Id_96lb0mej8g, 
Id_sndwx7ylvg, 
Id_v6ka5h5pme, 
Id_m6x3vmh0id, 
Id_krw9rsq72a, 
Id_bvrybvkauc, 
Id_ssq5kv9zxg, 
Id_7khb49l40f, 
Id_arpv2c4o34, 
Id_77660xv0hp, 
Id_v4d7lczkca, 
Id_2c1fdc98nb, 
Id_i5vwe6egsj, 
Id_lv9x6pdnlw, 
Id_ymv4d8xway, 
Id_mpgsyehi64, 
Id_cgzm433vp0, 
Id_85q7sy7s73, 
Id_2mnmuw2sk0, 
Id_akgm585p89, 
Id_if8yz77gp4, 
Id_p48e7s6bd4, 
Id_s1xlpe5h8l, 
Id_621ofyxye6, 
Id_al5rxgf8ge, 
Id_gf9wdi5ws4, 
Id_5w7aw9vz7s, 
Id_b4r6kgg0tw, 
Id_o0wz1g8ehx, 
Id_988cd18v6s, 
Id_uabgwoiryz, 
Id_ku8toy6hkh, 
Id_g97dj3t8v2, 
Id_ywwnlmlw4n, 
Id_s7jocf41o6, 
Id_ts4neughrb, 
Id_e45x9vsdem, 
Id_4q7jewk3fk, 
Id_j2tdecxtoy, 
Id_9z31ol7ujm, 
Id_46uuy0ia04, 
Id_daph21jgcr, 
Id_c6q3otyp6f, 
Id_8f8g47n7xa, 
Id_wfx5uhn1v9, 
Id_4rc5zyh5b0, 
Id_cqy9hcf26w, 
Id_991vaya9oz, 
Id_28vbxnfz4t, 
Id_cya49sy19a, 
Id_fcarifdm67, 
Id_itxuerh0tw, 
Id_xqn24xlkh2, 
Id_jro6zem5eo, 
Id_eo9tcsak28, 
Id_i71enax2kl, 
Id_ahm1gmegal, 
Id_kzz19zn94g, 
Id_ted137u8ep, 
Id_56pwnz0vy4, 
Id_2pqek4txfn, 
Id_tg6kznersq, 
Id_3ec107enjy, 
Id_mly4fkgefn, 
Id_d5yewin57w, 
Id_o5i79cm6dk, 
Id_xf4d4limyc, 
Id_albyzxx4s9, 
Id_qlyhe7bbtx, 
Id_b78izf9qye, 
Id_9ez9kqm468, 
Id_havjl4t04o, 
Id_lg0jdl6sst, 
Id_bokrjktrb7, 
Id_emzaopvzg6, 
Id_3ompii7fpn, 
Id_fti4owc0kj, 
Id_jwuhcghqeq, 
Id_4i22lvikkx, 
Id_bp5tqt681z, 
Id_sjyfd1ue1a, 
Id_gqmp65ivhu, 
Id_4f57iaju3g, 
Id_pts6c1e9qp, 
Id_28yembc81t, 
Id_cxpjtf7jst, 
Id_w70w1lferx, 
Id_a1754pyw13, 
Id_8por8rjj4p, 
Id_n2elz6kur2, 
Id_r50xfb685c, 
Id_6af93sthv9, 
Id_32dumey0cf, 
Id_yc7vltimgr, 
Id_4so7kektqw, 
Id_tpi5tlzak1, 
Id_pwx1tw8cmr, 
Id_v8ihu4xlmg, 
Id_d98euufkmz, 
Id_wvbmz5h0y4, 
Id_7hojo3tm6x, 
Id_mfkj143zj7, 
Id_wdfby5aleu, 
Id_082tmm337i, 
Id_v5rxpyka2o, 
Id_56096zutar, 
Id_e06p9hwo90, 
Id_7i7f1hihsa, 
Id_b6wu7mwwg2, 
Id_h2yuv8dx0b, 
Id_9exbi04ahn, 
Id_cli9pqpadf, 
Id_dm9pbvdt6s, 
Id_0dgvt5lwkt, 
Id_0y1rlb9gml, 
Id_ygs91lzs1g, 
Id_bhpmmdvwv8, 
Id_6rtpenbpwo, 
Id_ovc1uvevfr, 
Id_a5zyi2fa7u, 
Id_y8htg2u24u, 
Id_1c46c6iwch, 
Id_widy5om8gm, 
Id_pnrdz62fyr, 
Id_fyquookm88, 
Id_crylmlfts8, 
Id_br4gx830z6, 
Id_m5833t25xh, 
Id_lsjdpg6t8t, 
Id_4we5bf1am3, 
Id_v0c8sf03hr, 
Id_4q6hv17ay5, 
Id_kq286lbazx, 
Id_pvp0adve54, 
Id_p1eydacgzh, 
Id_oo3wb1e85o, 
Id_w69r6tvq9h, 
Id_tbzh0jlylk, 
Id_pbe3qcw8y9, 
Id_xqktzgfy6u, 
Id_3vrhj3xbrd, 
Id_klimz9l0mu, 
Id_ek9nter49s, 
Id_0fb3aq83x6, 
Id_d9us82mokz, 
Id_z0qbgzcfmr, 
Id_u1kcet2rdh, 
Id_kvyicvfgcf, 
Id_i7nvvbhrts, 
Id_q1ww54vkgt, 
Id_dwalixvqbi, 
Id_hzu1kl2y0v, 
Id_253hhat9ly, 
Id_gxb01c8rsw, 
Id_56w10cmkvf, 
Id_eqbidxw1n0, 
Id_5y54vl5ig1, 
Id_vls2yvc9s3, 
Id_lpu65atq1c, 
Id_n05cfjxl8y, 
Id_pdr4bb3ste, 
Id_io4athusho, 
Id_5g8e7drfum, 
Id_rur7k1t45e, 
Id_dvaa498nit, 
Id_ldfj07sgyl, 
Id_eivpjzohoz, 
Id_8gnthm24dj, 
Id_rpdyopec13, 
Id_n00yaaekij, 
Id_y25gm2cjyx, 
Id_5isfuhdqvs, 
Id_bl2dh6tjxa, 
Id_tasaabrqhh, 
Id_12vvfv3u1d, 
Id_hxum4ig62c, 
Id_aix78mhk10, 
Id_yzdr5i96vv, 
Id_773tk3fw8i, 
Id_ok0me3howk, 
Id_ua982ydwug, 
Id_pgbegf1f3w, 
Id_5v632aoiuj, 
Id_3mggq20q5n, 
Id_qydfymxddq, 
Id_7yetbmm8b9, 
Id_ikvtub301y, 
Id_a836a3iv7d, 
Id_vwc67cyqus, 
Id_kmjnwx4q8c, 
Id_08gwuwi46y, 
Id_gu6ndcj6av, 
Id_gwyrreff1l, 
Id_4o2q94kai0, 
Id_ojhqai34c1, 
Id_up1mwe2044, 
Id_qq7vs8p18n, 
Id_zsaqnw7d0v, 
Id_u1s9wohj3g, 
Id_3l3yas6shm, 
Id_h9khg197p6, 
Id_njxg81t45z, 
Id_sy82hx1uxc, 
Id_uhgniic5m0, 
Id_unwg3v9qc6, 
Id_rhe2szyupu, 
Id_qyjzcejzdd, 
Id_bcgsrtrilx, 
Id_jyl9dyazzj, 
Id_lfnvs5qfs6, 
Id_s3yov319c8, 
Id_5wbok9n3l5, 
Id_uskq3sff9l, 
Id_spvz4obbqe, 
Id_nli80qhmqg, 
Id_sxatj1ojqn, 
Id_9ptfv38fxh, 
Id_0uhsp1slil, 
Id_kfzxv30evr, 
Id_m2t3i6tlzi, 
Id_j1jagawqdy, 
Id_q4bdkw5381, 
Id_zn4pawmnma, 
Id_05acjsunpq, 
Id_xkygecr337, 
Id_xyxkh063o0, 
Id_c0yf49nm78, 
Id_qtor6gujoa, 
Id_j4o4svirmh, 
Id_xlqebp699d, 
Id_3gcdnzj5b1, 
Id_b2ohkp3p6j, 
Id_f84xz72m4k, 
Id_od9hvlhh77, 
Id_qvknbf86my, 
Id_enx4fslu9v, 
Id_8m1ji2xuyk, 
Id_l5cyidvlab, 
Id_jjuzk7vch1, 
Id_3rsvtpmh2z, 
Id_ezpeuh4h34, 
Id_8xkalpnn9b, 
Id_njws0dmmap, 
Id_ablg0vuf2i, 
Id_njonnfdy2x, 
Id_5mqaulnqis, 
Id_membxa89xj, 
Id_07nyi9izop, 
Id_ca71pr1it1, 
Id_5nubb1ma43, 
Id_p01zyr5l2a, 
Id_9w9h4l97ka, 
Id_tje5pa2wxy, 
Id_69neclh2z3, 
Id_5k8ojhksgg, 
Id_xm3rq3y0uh, 
Id_6neyyqjb2r, 
Id_wywnr19n4p, 
Id_u2qttjnzsm, 
Id_ovypzmzu4y, 
Id_1bvwmnkj19, 
Id_7my1jg1kl2, 
Id_c64h2qnyjl, 
Id_v7db6tn2bt, 
Id_schtxsjrf1, 
Id_ql8jwa0v5a, 
Id_em2o9pt636, 
Id_iuur8ruo7v, 
Id_4upc5tonc8, 
Id_3h9dhjkh1d, 
Id_n8i134j8o2, 
Id_6it5jb1zqa, 
Id_xr9jxeuilo, 
Id_v2c60bt345, 
Id_2zhkja5hbs, 
Id_zo1sgevzvm, 
Id_f8bz5b0w0y, 
Id_w64u7diu2o, 
Id_mcvnp513t7, 
Id_rw3i914r26, 
Id_4ivg6d2xh4, 
Id_unmbbb3lul, 
Id_7583xlaqic, 
Id_efpkwuw2hg, 
Id_ikcs5rx2ng, 
Id_p4cktyw3zc, 
Id_u8010p6ujf, 
Id_767vv3wcml, 
Id_nlr3z4mmcj, 
Id_g9u6ak2ker, 
Id_yaejn6rk3r, 
Id_e3skrhusoj, 
Id_njxuq36qd8, 
Id_2r5wk4daf8, 
Id_tjadapg1rz, 
Id_j0jr8t9mit, 
Id_jzk9ghyuus, 
Id_vh0l0p8c4d, 
Id_h5foewd458, 
Id_pxlslqgio0, 
Id_hzdz4e1ncr, 
Id_5um3shrltc, 
Id_veae94vs7m, 
Id_pl3apb39si, 
Id_8zn48jhafx, 
Id_04ouurkg68, 
Id_ds66hpnerf, 
Id_r6rlf1037b, 
Id_lw71mvsd41, 
Id_imnv65aq6f, 
Id_zqhgkgqfkd, 
Id_ob3o7ll463, 
Id_2owbmn4nbm, 
Id_mbmznddedt, 
Id_gs6felb9x4, 
Id_65y7x1uz1g, 
Id_8acrgihb5u, 
Id_w0rlglb7l4, 
Id_qmnct8dkea, 
Id_eprsrsv98a, 
Id_g4ii28f6by, 
Id_jkhvuohoxx, 
Id_umlcarumop, 
Id_9i3ftn1oxi, 
Id_fr3ddyiehe, 
Id_lzpfbdsw2f, 
Id_h019zyw7zy, 
Id_o43v3bz46n, 
Id_6lcihhaicc, 
Id_mxcjtorn2w, 
Id_iogk84m72d, 
Id_exoifxvj0s, 
Id_ixio0xbvta, 
Id_3vjt2lnwp3, 
Id_q8na9byk0c, 
